Company Name,Customer Class,Product,Effective Start Date (mm/dd/yyyy),Effective End Date(mm/dd/yyyy),Contract Length(months),Natural Gas $/GJ,Service Area
"Direct Energy Regulated Services","Home,Small Business,Farm","Regulated Rate Option","01/01/2002","01/31/2002","1",="3.54","ATCO Gas North"
"Direct Energy Regulated Services","Home,Small Business,Farm","Regulated Rate Option","01/01/2003","01/31/2003","1",="7.02","ATCO Gas North"
"Direct Energy Regulated Services","Home,Small Business,Farm","Regulated Rate Option","01/01/2004","01/31/2004","1",="7.58","ATCO Gas North"
"Direct Energy Regulated Services","Home,Small Business,Farm","Regulated Rate Option","01/01/2005","01/31/2005","1",="7.19","ATCO Gas North"
"Direct Energy Regulated Services","Home,Small Business,Farm","Regulated Rate Option","01/01/2006","01/31/2006","1",="15.04","ATCO Gas North"
"Direct Energy Regulated Services","Home,Small Business,Farm","Regulated Rate Option","01/01/2007","01/31/2007","1",="7.46","ATCO Gas North"
"Direct Energy Regulated Services","Home,Small Business,Farm","Regulated Rate Option","01/01/2008","01/31/2008","1",="6.71","ATCO Gas North"
"Direct Energy Regulated Services","Home,Small Business,Farm","Regulated Rate Option","01/01/2009","01/31/2009","1",="6.09","ATCO Gas North"
"Direct Energy Regulated Services","Home,Small Business,Farm","Regulated Rate Option","01/01/2010","01/31/2010","1",="5.73","ATCO Gas North"
"Direct Energy Regulated Services","Home,Small Business,Farm","Regulated Rate Option","01/01/2011","01/31/2011","1",="3.94","ATCO Gas North"
"Direct Energy Regulated Services","Home,Small Business,Farm","Regulated Rate Option","01/01/2012","01/31/2012","1",="2.95","ATCO Gas North"
"Direct Energy Regulated Services","Home,Small Business,Farm","Regulated Rate Option","01/01/2013","01/31/2013","1",="2.82","ATCO Gas North"
"Direct Energy Regulated Services","Home,Small Business,Farm","Regulated Rate Option","01/01/2014","01/31/2014","1",="4.09","ATCO Gas North"
"Direct Energy Regulated Services","Home,Small Business,Farm","Regulated Rate Option","01/01/2015","01/31/2015","1",="3.25","ATCO Gas North"
"Direct Energy Regulated Services","Home,Small Business,Farm","Regulated Rate Option","01/01/2016","01/31/2016","1",="2","ATCO Gas North"
"Direct Energy Regulated Services","Home","Regulated Gas Rate January 2017","01/01/2017","01/31/2017","0",="3.745","ATCO Electric,ATCO Gas North,ATCO Gas South"
"Direct Energy Regulated Services","Home","Regulated Gas Rate January 2018","01/01/2018","01/31/2018","0",="1.911","ATCO Electric,ATCO Gas North,ATCO Gas South"
"Direct Energy Regulated Services","Home,Small Business,Farm","DERS Regulated Gas Rate January 2019","01/01/2019","01/31/2019","0",="1.515","ATCO Electric,ATCO Gas North,ATCO Gas South"
"Direct Energy Regulated Services","Home,Small Business,Farm","DERS Regulated Gas Rate January 2020","01/01/2020","01/31/2020","0",="2.259","ATCO Electric,ATCO Gas North,ATCO Gas South"
"Direct Energy Regulated Services","Home,Small Business,Farm","DERS Regulated Gas Rate January 2021","01/01/2021","01/31/2021","0",="2.784","ATCO Electric,ATCO Gas North,ATCO Gas South"
"Direct Energy Regulated Services","Home,Small Business,Farm","DERS Regulated Gas Rate Jan 2022","01/01/2022","01/31/2022","0",="3.893","ATCO Electric,ATCO Gas North,ATCO Gas South"
"Direct Energy Regulated Services","Home,Small Business,Farm","DERS Regulated Gas Rate January 2023","01/01/2023","01/31/2023","0",="6.446","ATCO Electric,ATCO Gas North,ATCO Gas South"
"Direct Energy Regulated Services","Home,Small Business,Farm","DERS Regulated Gas Rate January2024","01/01/2024","01/31/2024","0",="2.173","ATCO Electric,ATCO Gas North,ATCO Gas South"
"Direct Energy Regulated Services","Home,Small Business,Farm","Regulated Rate Option","02/01/2002","02/28/2002","1",="3.54","ATCO Gas North"
"Direct Energy Regulated Services","Home,Small Business,Farm","Regulated Rate Option","02/01/2003","02/28/2003","1",="7.19","ATCO Gas North"
"Direct Energy Regulated Services","Home,Small Business,Farm","Regulated Rate Option","02/01/2004","02/29/2004","1",="6.64","ATCO Gas North"
"Direct Energy Regulated Services","Home,Small Business,Farm","Regulated Rate Option","02/01/2005","02/28/2005","1",="5.98","ATCO Gas North"
"Direct Energy Regulated Services","Home,Small Business,Farm","Regulated Rate Option","02/01/2006","02/28/2006","1",="6.68","ATCO Gas North"
"Direct Energy Regulated Services","Home,Small Business,Farm","Regulated Rate Option","02/01/2007","02/28/2007","1",="5.89","ATCO Gas North"
"Direct Energy Regulated Services","Home,Small Business,Farm","Regulated Rate Option","02/01/2008","02/29/2008","1",="7.41","ATCO Gas North"
"Direct Energy Regulated Services","Home,Small Business,Farm","Regulated Rate Option","02/01/2009","02/28/2009","1",="5.58","ATCO Gas North"
"Direct Energy Regulated Services","Home,Small Business,Farm","Regulated Rate Option","02/01/2010","02/28/2010","1",="5.83","ATCO Gas North"
"Direct Energy Regulated Services","Home,Small Business,Farm","Regulated Rate Option","02/01/2011","02/28/2011","1",="3.85","ATCO Gas North"
"Direct Energy Regulated Services","Home,Small Business,Farm","Regulated Rate Option","02/01/2012","02/29/2012","1",="2.15","ATCO Gas North"
"Direct Energy Regulated Services","Home,Small Business,Farm","Regulated Rate Option","02/01/2013","02/28/2013","1",="3.13","ATCO Gas North"
"Direct Energy Regulated Services","Home,Small Business,Farm","Regulated Rate Option","02/01/2014","02/28/2014","1",="4.57","ATCO Gas North"
"Direct Energy Regulated Services","Home,Small Business,Farm","Regulated Rate Option","02/01/2015","02/28/2015","1",="2.46","ATCO Gas North"
"Direct Energy Regulated Services","Home,Small Business,Farm","Regulated Rate Option","02/01/2016","02/29/2016","1",="2.97","ATCO Gas North"
"Direct Energy Regulated Services","Home","Regulated Gas Rate February 2017","02/01/2017","02/28/2017","0",="2.642","ATCO Electric,ATCO Gas North,ATCO Gas South"
"Direct Energy Regulated Services","Home","Regulated Gas Rate February 2018","02/01/2018","02/28/2018","0",="2.328","ATCO Electric,ATCO Gas North,ATCO Gas South"
"Direct Energy Regulated Services","Home,Small Business,Farm","DERS Regulated Gas Rate April 2019","02/01/2019","03/25/2019","0",="2.885","ATCO Electric,ATCO Gas North,ATCO Gas South"
"Direct Energy Regulated Services","Home,Small Business,Farm","DERS Regulated Gas Rate February 2019","02/01/2019","02/28/2019","0",="1.99","ATCO Electric,ATCO Gas North,ATCO Gas South"
"Direct Energy Regulated Services","Home,Small Business,Farm","DERS Regulated Gas Rate February 2020","02/01/2020","02/29/2020","0",="2.242","ATCO Electric,ATCO Gas North,ATCO Gas South"
"Direct Energy Regulated Services","Home,Small Business,Farm","DERS Regulated Gas Rate February 2021","02/01/2021","02/28/2021","0",="2.766","ATCO Electric,ATCO Gas North,ATCO Gas South"
"Direct Energy Regulated Services","Home,Small Business,Farm","DERS Regulated Gas Rate Feb 2022","02/01/2022","02/28/2022","0",="4.842","ATCO Electric,ATCO Gas North,ATCO Gas South"
"Direct Energy Regulated Services","Home,Small Business,Farm","DERS Regulated Gas Rate February 2023","02/01/2023","02/28/2023","0",="3.715","ATCO Electric,ATCO Gas North,ATCO Gas South"
"Direct Energy Regulated Services","Home,Small Business,Farm","DERS Regulated Gas Rate February 2024","02/01/2024","02/29/2024","0",="4.43","ATCO Electric,ATCO Gas North,ATCO Gas South"
"Direct Energy Regulated Services","Home,Small Business,Farm","DERS Regulated Gas Rate February 2024","02/01/2024","02/29/2024","0",="4.43","ATCO Electric,ATCO Gas North,ATCO Gas South"
"Direct Energy Regulated Services","Home,Small Business,Farm","Regulated Rate Option","03/01/2002","03/31/2002","1",="3.54","ATCO Gas North"
"Direct Energy Regulated Services","Home,Small Business,Farm","Regulated Rate Option","03/01/2003","03/31/2003","1",="8.58","ATCO Gas North"
"Direct Energy Regulated Services","Home,Small Business,Farm","Regulated Rate Option","03/01/2004","03/31/2004","1",="5.63","ATCO Gas North"
"Direct Energy Regulated Services","Home,Small Business,Farm","Regulated Rate Option","03/01/2005","03/31/2005","1",="6.77","ATCO Gas North"
"Direct Energy Regulated Services","Home,Small Business,Farm","Regulated Rate Option","03/01/2006","03/31/2006","1",="6.2","ATCO Gas North"
"Direct Energy Regulated Services","Home,Small Business,Farm","Regulated Rate Option","03/01/2007","03/31/2007","1",="9.15","ATCO Gas North"
"Direct Energy Regulated Services","Home,Small Business,Farm","Regulated Rate Option","03/01/2008","03/31/2008","1",="9.04","ATCO Gas North"
"Direct Energy Regulated Services","Home,Small Business,Farm","Regulated Rate Option","03/01/2009","03/31/2009","1",="4.24","ATCO Gas North"
"Direct Energy Regulated Services","Home,Small Business,Farm","Regulated Rate Option","03/01/2010","03/31/2010","1",="4.97","ATCO Gas North"
"Direct Energy Regulated Services","Home,Small Business,Farm","Regulated Rate Option","03/01/2011","03/31/2011","1",="3.08","ATCO Gas North"
"Direct Energy Regulated Services","Home,Small Business,Farm","Regulated Rate Option","03/01/2012","03/31/2012","1",="2.09","ATCO Gas North"
"Direct Energy Regulated Services","Home,Small Business,Farm","Regulated Rate Option","03/01/2013","03/31/2013","1",="2.93","ATCO Gas North"
"Direct Energy Regulated Services","Home,Small Business,Farm","Regulated Rate Option","03/01/2014","03/31/2014","1",="9.02","ATCO Gas North"
"Direct Energy Regulated Services","Home,Small Business,Farm","Regulated Rate Option","03/01/2015","03/31/2015","1",="2.68","ATCO Gas North"
"Direct Energy Regulated Services","Home,Small Business,Farm","Regulated Rate Option","03/01/2016","03/31/2016","1",="2.17","ATCO Gas North"
"Direct Energy Regulated Services","Home","Regulated Gas Rate March 2017","03/01/2017","03/31/2017","0",="1.885","ATCO Electric,ATCO Gas North,ATCO Gas South"
"Direct Energy Regulated Services","Home","Regulated Gas Rate March 2018","03/01/2018","03/31/2018","0",="1.733","ATCO Electric,ATCO Gas North,ATCO Gas South"
"Direct Energy Regulated Services","Home,Small Business,Farm","DERS Regulated Gas Rate March 2019","03/01/2019","03/31/2019","0",="3.18","ATCO Electric,ATCO Gas North,ATCO Gas South"
"Direct Energy Regulated Services","Home,Small Business,Farm","DERS Regulated Gas Rate March 2020","03/01/2020","03/31/2020","0",="1.66","ATCO Electric,ATCO Gas North,ATCO Gas South"
"Direct Energy Regulated Services","Home,Small Business,Farm","DERS Regulated Gas Rate March 2021","03/01/2021","03/31/2021","0",="4.102","ATCO Electric,ATCO Gas North,ATCO Gas South"
"Direct Energy Regulated Services","Home,Small Business,Farm","DERS Regulated Gas Rate March 2022","03/01/2022","03/31/2022","0",="4.758","ATCO Electric,ATCO Gas North,ATCO Gas South"
"Direct Energy Regulated Services","Home,Small Business,Farm","DERS Regulated Gas Rate March 2023","03/01/2023","03/31/2023","0",="2.222","ATCO Electric,ATCO Gas North,ATCO Gas South"
"Direct Energy Regulated Services","Home,Small Business,Farm","DERS Regulated Gas Rate March 2024","03/01/2024","03/31/2024","0",="2.133","ATCO Electric,ATCO Gas North,ATCO Gas South"
"Direct Energy Regulated Services","Home,Small Business,Farm","DERS Regulated Gas Rate April 2019","03/26/2019","04/30/2019","0",="2.89","ATCO Electric,ATCO Gas North,ATCO Gas South"
"Direct Energy Regulated Services","Home,Small Business,Farm","Regulated Rate Option","04/01/2002","04/30/2002","1",="4.31","ATCO Gas North"
"Direct Energy Regulated Services","Home,Small Business,Farm","Regulated Rate Option","04/01/2003","04/30/2003","1",="8.58","ATCO Gas North"
"Direct Energy Regulated Services","Home,Small Business,Farm","Regulated Rate Option","04/01/2004","04/30/2004","1",="5.54","ATCO Gas North"
"Direct Energy Regulated Services","Home,Small Business,Farm","Regulated Rate Option","04/01/2005","04/30/2005","1",="6.25","ATCO Gas North"
"Direct Energy Regulated Services","Home,Small Business,Farm","Regulated Rate Option","04/01/2006","04/30/2006","1",="7.05","ATCO Gas North"
"Direct Energy Regulated Services","Home,Small Business,Farm","Regulated Rate Option","04/01/2007","04/30/2007","1",="7.56","ATCO Gas North"
"Direct Energy Regulated Services","Home,Small Business,Farm","Regulated Rate Option","04/01/2008","04/30/2008","1",="8.53","ATCO Gas North"
"Direct Energy Regulated Services","Home,Small Business,Farm","Regulated Rate Option","04/01/2009","04/30/2009","1",="3.67","ATCO Gas North"
"Direct Energy Regulated Services","Home,Small Business,Farm","Regulated Rate Option","04/01/2010","04/30/2010","1",="3.59","ATCO Gas North"
"Direct Energy Regulated Services","Home,Small Business,Farm","Regulated Rate Option","04/01/2011","04/30/2011","1",="4.28","ATCO Gas North"
"Direct Energy Regulated Services","Home,Small Business,Farm","Regulated Rate Option","04/01/2012","04/30/2012","1",="1.59","ATCO Gas North"
"Direct Energy Regulated Services","Home,Small Business,Farm","Regulated Rate Option","04/01/2013","04/30/2013","1",="3.76","ATCO Gas North"
"Direct Energy Regulated Services","Home,Small Business,Farm","Regulated Rate Option","04/01/2014","04/30/2014","1",="5.19","ATCO Gas North"
"Direct Energy Regulated Services","Home,Small Business,Farm","Regulated Rate Option","04/01/2015","04/30/2015","1",="2.92","ATCO Gas North"
"Direct Energy Regulated Services","Home,Small Business,Farm","Regulated Rate Option","04/01/2016","04/30/2016","1",="0.86","ATCO Gas North"
"Direct Energy Regulated Services","Home","Regulated Gas Rate April 2017","04/01/2017","04/30/2017","0",="2.267","ATCO Electric,ATCO Gas North,ATCO Gas South"
"Direct Energy Regulated Services","Home","Regulated Gas Rate April 2018","04/01/2018","04/30/2018","0",="1.967","ATCO Electric,ATCO Gas North,ATCO Gas South"
"Direct Energy Regulated Services","Home,Small Business,Farm","DERS Regulated Gas Rate April 2020","04/01/2020","04/30/2020","0",="2.14","ATCO Electric,ATCO Gas North,ATCO Gas South"
"Direct Energy Regulated Services","Home,Small Business,Farm","DERS Regulated Gas Rate Apr 2021","04/01/2021","04/30/2021","0",="2.603","ATCO Electric,ATCO Gas North,ATCO Gas South"
"Direct Energy Regulated Services","Home,Small Business,Farm","DERS Regulated Gas Rate April 2022","04/01/2022","04/30/2022","0",="5.281","ATCO Electric,ATCO Gas North,ATCO Gas South"
"Direct Energy Regulated Services","Home,Small Business,Farm","DERS Regulated Gas Rate April 2023","04/01/2023","04/30/2023","0",="3.381","ATCO Electric,ATCO Gas North,ATCO Gas South"
"Direct Energy Regulated Services","Home,Small Business,Farm","DERS Regulated Gas Rate April 2024","04/01/2024","04/30/2024","0",="1.933","ATCO Electric,ATCO Gas North,ATCO Gas South"
"Direct Energy Regulated Services","Home,Small Business,Farm","Regulated Rate Option","05/01/2002","05/31/2002","1",="4.45","ATCO Gas North"
"Direct Energy Regulated Services","Home,Small Business,Farm","Regulated Rate Option","05/01/2003","05/31/2003","1",="5.25","ATCO Gas North"
"Direct Energy Regulated Services","Home,Small Business,Farm","Regulated Rate Option","05/01/2004","05/31/2004","1",="5.54","ATCO Gas North"
"Direct Energy Regulated Services","Home,Small Business,Farm","Regulated Rate Option","05/01/2005","05/31/2005","1",="5.35","ATCO Gas North"
"Direct Energy Regulated Services","Home,Small Business,Farm","Regulated Rate Option","05/01/2006","05/31/2006","1",="2.7","ATCO Gas North"
"Direct Energy Regulated Services","Home,Small Business,Farm","Regulated Rate Option","05/01/2007","05/31/2007","1",="4.51","ATCO Gas North"
"Direct Energy Regulated Services","Home,Small Business,Farm","Regulated Rate Option","05/01/2008","05/31/2008","1",="7.62","ATCO Gas North"
"Direct Energy Regulated Services","Home,Small Business,Farm","Regulated Rate Option","05/01/2009","05/31/2009","1",="3.01","ATCO Gas North"
"Direct Energy Regulated Services","Home,Small Business,Farm","Regulated Rate Option","05/01/2010","05/31/2010","1",="2.7","ATCO Gas North"
"Direct Energy Regulated Services","Home,Small Business,Farm","Regulated Rate Option","05/01/2011","05/31/2011","1",="3.88","ATCO Gas North"
"Direct Energy Regulated Services","Home,Small Business,Farm","Regulated Rate Option","05/01/2012","05/31/2012","1",="1.45","ATCO Gas North"
"Direct Energy Regulated Services","Home,Small Business,Farm","Regulated Rate Option","05/01/2013","05/31/2013","1",="4.19","ATCO Gas North"
"Direct Energy Regulated Services","Home,Small Business,Farm","Regulated Rate Option","05/01/2014","05/31/2014","1",="2.75","ATCO Gas North"
"Direct Energy Regulated Services","Home,Small Business,Farm","Regulated Rate Option","05/01/2015","05/31/2015","1",="2.19","ATCO Gas North"
"Direct Energy Regulated Services","Home,Small Business,Farm","Regulated Gas Rate May 2016","05/01/2016","05/31/2016","0",="0.795","ATCO Electric,ATCO Gas North,ATCO Gas South"
"Direct Energy Regulated Services","Home","Regulated Gas Rate May 2017","05/01/2017","05/31/2017","0",="1.952","ATCO Electric,ATCO Gas North,ATCO Gas South"
"Direct Energy Regulated Services","Home","Regulated Gas Rate May 2018","05/01/2018","05/31/2018","0",="0.989","ATCO Electric,ATCO Gas North,ATCO Gas South"
"Direct Energy Regulated Services","Home,Small Business,Farm","DERS Regulated Gas Rate May 2019","05/01/2019","05/31/2019","0",="2.285","ATCO Electric,ATCO Gas North,ATCO Gas South"
"Direct Energy Regulated Services","Home,Small Business,Farm","DERS Regulated Gas Rate May 2020","05/01/2020","05/31/2020","0",="2.564","ATCO Electric,ATCO Gas North,ATCO Gas South"
"Direct Energy Regulated Services","Home,Small Business,Farm","DERS Regulated Gas Rate May 2021","05/01/2021","05/31/2021","0",="3.293","ATCO Electric,ATCO Gas North,ATCO Gas South"
"Direct Energy Regulated Services","Home,Small Business,Farm","DERS Regulated Gas Rate May  2022","05/01/2022","05/31/2022","0",="8.237","ATCO Electric,ATCO Gas North,ATCO Gas South"
"Direct Energy Regulated Services","Home,Small Business,Farm","DERS Regulated Gas Rate May  2022","05/01/2022","05/31/2022","0",="6.399","ATCO Electric,ATCO Gas North,ATCO Gas South"
"Direct Energy Regulated Services","Home,Small Business,Farm","DERS Regulated Gas Rate May 2023","05/01/2023","05/31/2023","0",="2.415","ATCO Electric,ATCO Gas North,ATCO Gas South"
"Direct Energy Regulated Services","Home,Small Business,Farm","Regulated Rate Option","06/01/2002","06/30/2002","1",="3.62","ATCO Gas North"
"Direct Energy Regulated Services","Home,Small Business,Farm","Regulated Rate Option","06/01/2003","06/30/2003","1",="7.15","ATCO Gas North"
"Direct Energy Regulated Services","Home,Small Business,Farm","Regulated Rate Option","06/01/2004","06/30/2004","1",="8.26","ATCO Gas North"
"Direct Energy Regulated Services","Home,Small Business,Farm","Regulated Rate Option","06/01/2005","06/30/2005","1",="5.32","ATCO Gas North"
"Direct Energy Regulated Services","Home,Small Business,Farm","Regulated Rate Option","06/01/2006","06/30/2006","1",="3.56","ATCO Gas North"
"Direct Energy Regulated Services","Home,Small Business,Farm","Regulated Rate Option","06/01/2007","06/30/2007","1",="6.76","ATCO Gas North"
"Direct Energy Regulated Services","Home,Small Business,Farm","Regulated Rate Option","06/01/2008","06/30/2008","1",="13.04","ATCO Gas North"
"Direct Energy Regulated Services","Home,Small Business,Farm","Regulated Rate Option","06/01/2009","06/30/2009","1",="3.26","ATCO Gas North"
"Direct Energy Regulated Services","Home,Small Business,Farm","Regulated Rate Option","06/01/2010","06/30/2010","1",="3.26","ATCO Gas North"
"Direct Energy Regulated Services","Home,Small Business,Farm","Regulated Rate Option","06/01/2011","06/30/2011","1",="4.35","ATCO Gas North"
"Direct Energy Regulated Services","Home,Small Business,Farm","Regulated Rate Option","06/01/2012","06/30/2012","1",="2.77","ATCO Gas North"
"Direct Energy Regulated Services","Home,Small Business,Farm","Regulated Rate Option","06/01/2013","06/30/2013","1",="4.59","ATCO Gas North"
"Direct Energy Regulated Services","Home,Small Business,Farm","Regulated Rate Option","06/01/2014","06/30/2014","1",="3.85","ATCO Gas North"
"Direct Energy Regulated Services","Home,Small Business,Farm","Regulated Rate Option","06/01/2015","06/30/2015","1",="3.47","ATCO Gas North"
"Direct Energy Regulated Services","Home,Small Business,Farm","Regulated Gas Rate June 2016","06/01/2016","06/30/2016","0",="1.374","ATCO Electric,ATCO Gas North,ATCO Gas South"
"Direct Energy Regulated Services","Home","Regulated Gas Rate June 2017","06/01/2017","06/30/2017","0",="1.235","ATCO Electric,ATCO Gas North,ATCO Gas South"
"Direct Energy Regulated Services","Home","DERS Regulated Gas Rate June 2018","06/01/2018","06/30/2018","0",="0.544","ATCO Electric,ATCO Gas North,ATCO Gas South"
"Direct Energy Regulated Services","Home,Small Business,Farm","DERS Regulated Gas Rate June 2019","06/01/2019","06/30/2019","0",="0.365","ATCO Electric,ATCO Gas North,ATCO Gas South"
"Direct Energy Regulated Services","Home,Small Business,Farm","DERS Regulated Gas Rate June 2020","06/01/2020","06/30/2020","0",="2.381","ATCO Electric,ATCO Gas North,ATCO Gas South"
"Direct Energy Regulated Services","Home,Small Business,Farm","DERS Regulated Gas Rate June 2021","06/01/2021","06/30/2021","0",="3.352","ATCO Electric,ATCO Gas North,ATCO Gas South"
"Direct Energy Regulated Services","Home,Small Business,Farm","DERS Regulated Gas Rate June 2022","06/01/2022","06/30/2022","0",="8.037","ATCO Electric,ATCO Gas North,ATCO Gas South"
"Direct Energy Regulated Services","Home,Small Business,Farm","DERS Regulated Gas Rate June 2023","06/01/2023","06/30/2023","0",="2.452","ATCO Electric,ATCO Gas North,ATCO Gas South"
"Direct Energy Regulated Services","Home,Small Business,Farm","Regulated Rate Option","07/01/2002","07/31/2002","1",="2.38","ATCO Gas North"
"Direct Energy Regulated Services","Home,Small Business,Farm","Regulated Rate Option","07/01/2003","07/31/2003","1",="6.8","ATCO Gas North"
"Direct Energy Regulated Services","Home,Small Business,Farm","Regulated Rate Option","07/01/2004","07/31/2004","1",="5.89","ATCO Gas North"
"Direct Energy Regulated Services","Home,Small Business,Farm","Regulated Rate Option","07/01/2005","07/31/2005","1",="8.09","ATCO Gas North"
"Direct Energy Regulated Services","Home,Small Business,Farm","Regulated Rate Option","07/01/2006","07/31/2006","1",="5.89","ATCO Gas North"
"Direct Energy Regulated Services","Home,Small Business,Farm","Regulated Rate Option","07/01/2007","07/31/2007","1",="5.55","ATCO Gas North"
"Direct Energy Regulated Services","Home,Small Business,Farm","Regulated Rate Option","07/01/2008","07/31/2008","1",="10.01","ATCO Gas North"
"Direct Energy Regulated Services","Home,Small Business,Farm","Regulated Rate Option","07/01/2009","07/31/2009","1",="1.93","ATCO Gas North"
"Direct Energy Regulated Services","Home,Small Business,Farm","Regulated Rate Option","07/01/2010","07/31/2010","1",="4.75","ATCO Gas North"
"Direct Energy Regulated Services","Home,Small Business,Farm","Regulated Rate Option","07/01/2011","07/31/2011","1",="3.39","ATCO Gas North"
"Direct Energy Regulated Services","Home,Small Business,Farm","Regulated Rate Option","07/01/2012","07/31/2012","1",="2.1","ATCO Gas North"
"Direct Energy Regulated Services","Home,Small Business,Farm","Regulated Rate Option","07/01/2013","07/31/2013","1",="1.58","ATCO Gas North"
"Direct Energy Regulated Services","Home,Small Business,Farm","Regulated Rate Option","07/01/2014","07/31/2014","1",="5.78","ATCO Gas North"
"Direct Energy Regulated Services","Home,Small Business,Farm","Regulated Rate Option","07/01/2015","07/31/2015","1",="1.82","ATCO Gas North"
"Direct Energy Regulated Services","Home,Small Business,Farm","Regulated Gas Rate July 2016","07/01/2016","07/31/2016","0",="1.631","ATCO Electric,ATCO Gas North,ATCO Gas South"
"Direct Energy Regulated Services","Home","Regulated Gas Rate July 2017","07/01/2017","07/31/2017","0",="1.822","ATCO Electric,ATCO Gas North,ATCO Gas South"
"Direct Energy Regulated Services","Home","DERS Regulated Gas Rate July 2018","07/01/2018","07/31/2018","0",="1.485","ATCO Electric,ATCO Gas North,ATCO Gas South"
"Direct Energy Regulated Services","Home,Small Business,Farm","DERS Regulated Gas Rate July 2019","07/01/2019","07/31/2019","0",="0.372","ATCO Electric,ATCO Gas North,ATCO Gas South"
"Direct Energy Regulated Services","Home,Small Business,Farm","DERS Regulated Gas Rate July 2020","07/01/2020","07/31/2020","0",="1.53","ATCO Electric,ATCO Gas North,ATCO Gas South"
"Direct Energy Regulated Services","Home,Small Business,Farm","DERS Regulated Gas Rate July 2021","07/01/2021","07/31/2021","0",="3.028","ATCO Electric,ATCO Gas North,ATCO Gas South"
"Direct Energy Regulated Services","Home,Small Business,Farm","DERS Regulated Gas Rate July 2022","07/01/2022","07/31/2022","0",="8.324","ATCO Electric,ATCO Gas North,ATCO Gas South"
"Direct Energy Regulated Services","Home,Small Business,Farm","DERS Regulated Gas Rate July 2023","07/01/2023","07/31/2023","0",="2.273","ATCO Electric,ATCO Gas North,ATCO Gas South"
"Direct Energy Regulated Services","Home,Small Business,Farm","Regulated Rate Option","08/01/2002","08/31/2002","1",="1.85","ATCO Gas North"
"Direct Energy Regulated Services","Home,Small Business,Farm","Regulated Rate Option","08/01/2003","08/31/2003","1",="5.03","ATCO Gas North"
"Direct Energy Regulated Services","Home,Small Business,Farm","Regulated Rate Option","08/01/2004","08/31/2004","1",="6.61","ATCO Gas North"
"Direct Energy Regulated Services","Home,Small Business,Farm","Regulated Rate Option","08/01/2005","08/31/2005","1",="6.2","ATCO Gas North"
"Direct Energy Regulated Services","Home,Small Business,Farm","Regulated Rate Option","08/01/2006","08/31/2006","1",="4.15","ATCO Gas North"
"Direct Energy Regulated Services","Home,Small Business,Farm","Regulated Rate Option","08/01/2007","08/31/2007","1",="5.7","ATCO Gas North"
"Direct Energy Regulated Services","Home,Small Business,Farm","Regulated Rate Option","08/01/2008","08/31/2008","1",="11.23","ATCO Gas North"
"Direct Energy Regulated Services","Home,Small Business,Farm","Regulated Rate Option","08/01/2009","08/31/2009","1",="2.92","ATCO Gas North"
"Direct Energy Regulated Services","Home,Small Business,Farm","Regulated Rate Option","08/01/2010","08/31/2010","1",="2.48","ATCO Gas North"
"Direct Energy Regulated Services","Home,Small Business,Farm","Regulated Rate Option","08/01/2011","08/31/2011","1",="3.9","ATCO Gas North"
"Direct Energy Regulated Services","Home,Small Business,Farm","Regulated Rate Option","08/01/2012","08/31/2012","1",="2.31","ATCO Gas North"
"Direct Energy Regulated Services","Home,Small Business,Farm","Regulated Rate Option","08/01/2013","08/31/2013","1",="1.78","ATCO Gas North"
"Direct Energy Regulated Services","Home,Small Business,Farm","Regulated Rate Option","08/01/2014","08/31/2014","1",="3.56","ATCO Gas North"
"Direct Energy Regulated Services","Home,Small Business,Farm","Regulated Rate Option","08/01/2015","08/31/2015","1",="3.2","ATCO Gas North"
"Direct Energy Regulated Services","Home,Small Business,Farm","Regulated Gas Rate August 2016","08/01/2016","08/31/2016","0",="2.364","ATCO Electric,ATCO Gas North,ATCO Gas South"
"Direct Energy Regulated Services","Home","Regulated Gas Rate August 2017","08/01/2017","08/31/2017","0",="2.328","ATCO Electric,ATCO Gas North,ATCO Gas South"
"Direct Energy Regulated Services","Home","DERS Regulated Gas Rate August 2018","08/01/2018","08/31/2018","0",="1.16","ATCO Electric,ATCO Gas North,ATCO Gas South"
"Direct Energy Regulated Services","Home,Small Business,Farm","DERS Regulated Gas Rate August 2019","08/01/2019","08/31/2019","0",="1.029","ATCO Electric,ATCO Gas North,ATCO Gas South"
"Direct Energy Regulated Services","Home,Small Business,Farm","DERS Regulated Gas Rate August 2020","08/01/2020","08/31/2020","0",="1.359","ATCO Electric,ATCO Gas North,ATCO Gas South"
"Direct Energy Regulated Services","Home,Small Business,Farm","DERS Regulated Gas Rate Aug 2021","08/01/2021","08/31/2021","0",="3.328","ATCO Electric,ATCO Gas North,ATCO Gas South"
"Direct Energy Regulated Services","Home,Small Business,Farm","DERS Regulated Gas Rate August 2022","08/01/2022","08/31/2022","0",="5.797","ATCO Electric,ATCO Gas North,ATCO Gas South"
"Direct Energy Regulated Services","Home,Small Business,Farm","DERS Regulated Gas Rate August 2023","08/01/2023","08/31/2023","0",="3.368","ATCO Electric,ATCO Gas North,ATCO Gas South"
"Direct Energy Regulated Services","Home,Small Business,Farm","Regulated Rate Option","09/01/2002","09/30/2002","1",="4.03","ATCO Gas North"
"Direct Energy Regulated Services","Home,Small Business,Farm","Regulated Rate Option","09/01/2003","09/30/2003","1",="6.32","ATCO Gas North"
"Direct Energy Regulated Services","Home,Small Business,Farm","Regulated Rate Option","09/01/2004","09/30/2004","1",="6.53","ATCO Gas North"
"Direct Energy Regulated Services","Home,Small Business,Farm","Regulated Rate Option","09/01/2005","09/30/2005","1",="9.64","ATCO Gas North"
"Direct Energy Regulated Services","Home,Small Business,Farm","Regulated Rate Option","09/01/2006","09/30/2006","1",="6.7","ATCO Gas North"
"Direct Energy Regulated Services","Home,Small Business,Farm","Regulated Rate Option","09/01/2007","09/30/2007","1",="4.57","ATCO Gas North"
"Direct Energy Regulated Services","Home,Small Business,Farm","Regulated Rate Option","09/01/2008","09/30/2008","1",="5.12","ATCO Gas North"
"Direct Energy Regulated Services","Home,Small Business,Farm","Regulated Rate Option","09/01/2009","09/30/2009","1",="2.34","ATCO Gas North"
"Direct Energy Regulated Services","Home,Small Business,Farm","Regulated Rate Option","09/01/2010","09/30/2010","1",="3.58","ATCO Gas North"
"Direct Energy Regulated Services","Home,Small Business,Farm","Regulated Rate Option","09/01/2011","09/30/2011","1",="3.34","ATCO Gas North"
"Direct Energy Regulated Services","Home,Small Business,Farm","Regulated Rate Option","09/01/2012","09/30/2012","1",="1.83","ATCO Gas North"
"Direct Energy Regulated Services","Home,Small Business,Farm","Regulated Rate Option","09/01/2013","09/30/2013","1",="2.32","ATCO Gas North"
"Direct Energy Regulated Services","Home,Small Business,Farm","Regulated Rate Option","09/01/2014","09/30/2014","1",="3.35","ATCO Gas North"
"Direct Energy Regulated Services","Home,Small Business,Farm","Regulated Rate Option","09/01/2015","09/30/2015","1",="3.36","ATCO Gas North"
"Direct Energy Regulated Services","Home,Small Business,Farm","Regulated Gas Rate September 2016","09/01/2016","09/30/2016","0",="2.351","ATCO Electric,ATCO Gas North,ATCO Gas South"
"Direct Energy Regulated Services","Home","Regulated Gas Rate September 2017","09/01/2017","09/30/2017","0",="1.434","ATCO Electric,ATCO Gas North,ATCO Gas South"
"Direct Energy Regulated Services","Home,Small Business,Farm","DERS Regulated Gas Rate September 2018","09/01/2018","09/30/2018","0",="1.321","ATCO Electric,ATCO Gas North,ATCO Gas South"
"Direct Energy Regulated Services","Home,Small Business,Farm","DERS Regulated Gas Rate September 2019","09/01/2019","09/30/2019","0",="1.166","ATCO Electric,ATCO Gas North,ATCO Gas South"
"Direct Energy Regulated Services","Home,Small Business,Farm","DERS Regulated Gas Rate September 2020","09/01/2020","09/30/2020","0",="2.492","ATCO Electric,ATCO Gas North,ATCO Gas South"
"Direct Energy Regulated Services","Home,Small Business,Farm","DERS Regulated Gas Rate Sep 2021","09/01/2021","09/30/2021","0",="3.454","ATCO Electric,ATCO Gas North,ATCO Gas South"
"Direct Energy Regulated Services","Home,Small Business,Farm","DERS Regulated Gas Rate September 2023","09/01/2023","09/30/2023","0",="2.724","ATCO Electric,ATCO Gas North,ATCO Gas South"
"Direct Energy Regulated Services","Home,Small Business,Farm","Regulated Rate Option","10/01/2002","10/31/2002","1",="5.02","ATCO Gas North"
"Direct Energy Regulated Services","Home,Small Business,Farm","Regulated Rate Option","10/01/2003","10/31/2003","1",="5.05","ATCO Gas North"
"Direct Energy Regulated Services","Home,Small Business,Farm","Regulated Rate Option","10/01/2004","10/31/2004","1",="5.11","ATCO Gas North"
"Direct Energy Regulated Services","Home,Small Business,Farm","Regulated Rate Option","10/01/2005","10/31/2005","1",="11.81","ATCO Gas North"
"Direct Energy Regulated Services","Home,Small Business,Farm","Regulated Rate Option","10/01/2006","10/31/2006","1",="4.1","ATCO Gas North"
"Direct Energy Regulated Services","Home,Small Business,Farm","Regulated Rate Option","10/01/2007","10/31/2007","1",="5.12","ATCO Gas North"
"Direct Energy Regulated Services","Home,Small Business,Farm","Regulated Rate Option","10/01/2008","10/31/2008","1",="5.31","ATCO Gas North"
"Direct Energy Regulated Services","Home,Small Business,Farm","Regulated Rate Option","10/01/2009","10/31/2009","1",="3.3","ATCO Gas North"
"Direct Energy Regulated Services","Home,Small Business,Farm","Regulated Rate Option","10/01/2010","10/31/2010","1",="3.63","ATCO Gas North"
"Direct Energy Regulated Services","Home,Small Business,Farm","Regulated Rate Option","10/01/2011","10/31/2011","1",="3.6","ATCO Gas North"
"Direct Energy Regulated Services","Home,Small Business,Farm","Regulated Rate Option","10/01/2012","10/31/2012","1",="2.51","ATCO Gas North"
"Direct Energy Regulated Services","Home,Small Business,Farm","Regulated Rate Option","10/01/2013","10/31/2013","1",="2.43","ATCO Gas North"
"Direct Energy Regulated Services","Home,Small Business,Farm","Regulated Rate Option","10/01/2014","10/31/2014","1",="4.15","ATCO Gas North"
"Direct Energy Regulated Services","Home,Small Business,Farm","Regulated Rate Option","10/01/2015","10/31/2015","1",="2.61","ATCO Gas North"
"Direct Energy Regulated Services","Home","Regulated Gas Rate October 2016","10/01/2016","10/31/2016","0",="2.659","ATCO Electric,ATCO Gas North,ATCO Gas South"
"Direct Energy Regulated Services","Home","Regulated Gas Rate October 2017","10/01/2017","10/31/2017","0",="1.682","ATCO Electric,ATCO Gas North,ATCO Gas South"
"Direct Energy Regulated Services","Home,Small Business,Farm","DERS Regulated Gas Rate October 2018","10/01/2018","10/31/2018","0",="1.322","ATCO Electric,ATCO Gas North,ATCO Gas South"
"Direct Energy Regulated Services","Home,Small Business,Farm","DERS Regulated Gas Rate October 2019","10/01/2019","10/31/2019","0",="1.447","ATCO Electric,ATCO Gas North,ATCO Gas South"
"Direct Energy Regulated Services","Home,Small Business,Farm","DERS Regulated Gas Rate October 2020","10/01/2020","10/31/2020","0",="2.251","ATCO Electric,ATCO Gas North,ATCO Gas South"
"Direct Energy Regulated Services","Home,Small Business,Farm","DERS Regulated Gas Rate Oct 2021","10/01/2021","10/31/2021","0",="4.079","ATCO Electric,ATCO Gas North,ATCO Gas South"
"Direct Energy Regulated Services","Home,Small Business,Farm","DERS Regulated Gas Rate October 2022","10/01/2022","10/31/2022","0",="4.595","ATCO Electric,ATCO Gas North,ATCO Gas South"
"Direct Energy Regulated Services","Home,Small Business,Farm","DERS Regulated Gas Rate October 2023","10/01/2023","10/31/2023","0",="2.522","ATCO Electric,ATCO Gas North,ATCO Gas South"
"Direct Energy Regulated Services","Home,Small Business,Farm","Regulated Rate Option","11/01/2002","11/30/2002","1",="5.52","ATCO Gas North"
"Direct Energy Regulated Services","Home,Small Business,Farm","Regulated Rate Option","11/01/2003","11/30/2003","1",="5.34","ATCO Gas North"
"Direct Energy Regulated Services","Home,Small Business,Farm","Regulated Rate Option","11/01/2004","11/30/2004","1",="7.91","ATCO Gas North"
"Direct Energy Regulated Services","Home,Small Business,Farm","Regulated Rate Option","11/01/2005","11/30/2005","1",="12.74","ATCO Gas North"
"Direct Energy Regulated Services","Home,Small Business,Farm","Regulated Rate Option","11/01/2006","11/30/2006","1",="6.95","ATCO Gas North"
"Direct Energy Regulated Services","Home,Small Business,Farm","Regulated Rate Option","11/01/2007","11/30/2007","1",="5.45","ATCO Gas North"
"Direct Energy Regulated Services","Home,Small Business,Farm","Regulated Rate Option","11/01/2008","11/30/2008","1",="7.17","ATCO Gas North"
"Direct Energy Regulated Services","Home,Small Business,Farm","Regulated Rate Option","11/01/2009","11/30/2009","1",="4.62","ATCO Gas North"
"Direct Energy Regulated Services","Home,Small Business,Farm","Regulated Rate Option","11/01/2010","11/30/2010","1",="3.24","ATCO Gas North"
"Direct Energy Regulated Services","Home,Small Business,Farm","Regulated Rate Option","11/01/2011","11/30/2011","1",="3.3","ATCO Gas North"
"Direct Energy Regulated Services","Home,Small Business,Farm","Regulated Rate Option","11/01/2012","11/30/2012","1",="3.54","ATCO Gas North"
"Direct Energy Regulated Services","Home,Small Business,Farm","Regulated Rate Option","11/01/2013","11/30/2013","1",="3.72","ATCO Gas North"
"Direct Energy Regulated Services","Home,Small Business,Farm","Regulated Rate Option","11/01/2014","11/30/2014","1",="3.69","ATCO Gas North"
"Direct Energy Regulated Services","Home,Small Business,Farm","Regulated Rate Option","11/01/2015","11/30/2015","1",="2.42","ATCO Gas North"
"Direct Energy Regulated Services","Home","Regulated Gas Rate November 2016","11/01/2016","11/30/2016","0",="3.303","ATCO Electric,ATCO Gas North,ATCO Gas South"
"Direct Energy Regulated Services","Home","Regulated Gas Rate November 2017","11/01/2017","11/30/2017","0",="1.825","ATCO Electric,ATCO Gas North,ATCO Gas South"
"Direct Energy Regulated Services","Home,Small Business,Farm","DERS Regulated Gas Rate November 2018","11/01/2018","11/30/2018","0",="2.369","ATCO Electric,ATCO Gas North,ATCO Gas South"
"Direct Energy Regulated Services","Home,Small Business,Farm","DERS Regulated Gas Rate November 2019","11/01/2019","11/30/2019","0",="2.524","ATCO Electric,ATCO Gas North,ATCO Gas South"
"Direct Energy Regulated Services","Home,Small Business,Farm","DERS Regulated Gas Rate November 2020","11/01/2020","11/30/2020","0",="3.277","ATCO Electric,ATCO Gas North,ATCO Gas South"
"Direct Energy Regulated Services","Home,Small Business,Farm","DERS Regulated Gas Rate Nov 2021","11/01/2021","11/30/2021","0",="5.328","ATCO Electric,ATCO Gas North,ATCO Gas South"
"Direct Energy Regulated Services","Home,Small Business,Farm","DERS Regulated Gas Rate November 2022","11/01/2022","11/30/2022","0",="5.641","ATCO Electric,ATCO Gas North,ATCO Gas South"
"Direct Energy Regulated Services","Home,Small Business,Farm","DERS Regulated Gas Rate November 2023","11/01/2023","11/30/2023","0",="2.85","ATCO Electric,ATCO Gas North,ATCO Gas South"
"Direct Energy Regulated Services","Home,Small Business,Farm","Regulated Rate Option","12/01/2002","12/31/2002","1",="5.31","ATCO Gas North"
"Direct Energy Regulated Services","Home,Small Business,Farm","Regulated Rate Option","12/01/2003","12/31/2003","1",="5.24","ATCO Gas North"
"Direct Energy Regulated Services","Home,Small Business,Farm","Regulated Rate Option","12/01/2004","12/31/2004","1",="7.05","ATCO Gas North"
"Direct Energy Regulated Services","Home,Small Business,Farm","Regulated Rate Option","12/01/2005","12/31/2005","1",="9.22","ATCO Gas North"
"Direct Energy Regulated Services","Home,Small Business,Farm","Regulated Rate Option","12/01/2006","12/31/2006","1",="8.28","ATCO Gas North"
"Direct Energy Regulated Services","Home,Small Business,Farm","Regulated Rate Option","12/01/2007","12/31/2007","1",="6.33","ATCO Gas North"
"Direct Energy Regulated Services","Home,Small Business,Farm","Regulated Rate Option","12/01/2008","12/31/2008","1",="7.21","ATCO Gas North"
"Direct Energy Regulated Services","Home,Small Business,Farm","Regulated Rate Option","12/01/2009","12/31/2009","1",="3.98","ATCO Gas North"
"Direct Energy Regulated Services","Home,Small Business,Farm","Regulated Rate Option","12/01/2010","12/31/2010","1",="4.05","ATCO Gas North"
"Direct Energy Regulated Services","Home,Small Business,Farm","Regulated Rate Option","12/01/2011","12/31/2011","1",="3.3","ATCO Gas North"
"Direct Energy Regulated Services","Home,Small Business,Farm","Regulated Rate Option","12/01/2012","12/31/2012","1",="3.58","ATCO Gas North"
"Direct Energy Regulated Services","Home,Small Business,Farm","Regulated Rate Option","12/01/2013","12/31/2013","1",="3.3","ATCO Gas North"
"Direct Energy Regulated Services","Home,Small Business,Farm","Regulated Rate Option","12/01/2014","12/31/2014","1",="4.18","ATCO Gas North"
"Direct Energy Regulated Services","Home,Small Business,Farm","Regulated Rate Option","12/01/2015","12/31/2015","1",="2.2","ATCO Gas North"
"Direct Energy Regulated Services","Home","Regulated Gas Rate December 2016","12/01/2016","12/31/2016","0",="2.579","ATCO Electric,ATCO Gas North,ATCO Gas South"
"Direct Energy Regulated Services","Home","Regulated Gas Rate December 2017","12/01/2017","12/31/2017","0",="2.303","ATCO Electric,ATCO Gas North,ATCO Gas South"
"Direct Energy Regulated Services","Home,Small Business,Farm","DERS Regulated Gas Rate December 2018","12/01/2018","12/31/2018","0",="2.004","ATCO Electric,ATCO Gas North,ATCO Gas South"
"Direct Energy Regulated Services","Home,Small Business,Farm","DERS Regulated Gas Rate December 2019","12/01/2019","12/31/2019","0",="3.089","ATCO Electric,ATCO Gas North,ATCO Gas South"
"Direct Energy Regulated Services","Home,Small Business,Farm","DERS Regulated Gas Rate December 2020","12/01/2020","12/31/2020","0",="2.705","ATCO Electric,ATCO Gas North,ATCO Gas South"
"Direct Energy Regulated Services","Home,Small Business,Farm","DERS Regulated Gas Rate Dec 2021","12/01/2021","12/31/2021","0",="4.936","ATCO Electric,ATCO Gas North,ATCO Gas South"
"Direct Energy Regulated Services","Home,Small Business,Farm","DERS Regulated Gas Rate December 2022","12/01/2022","12/31/2022","0",="6.14","ATCO Electric,ATCO Gas North,ATCO Gas South"
"Direct Energy Regulated Services","Home,Small Business,Farm","DERS Regulated Gas Rate December 2023","12/01/2023","12/31/2023","0",="2.902","ATCO Electric,ATCO Gas North,ATCO Gas South"
